student_id,class_date,module_code,status
S0001,2026-09-14,DE103,PRESENT
S0001,2026-09-14,DE101,PRESENT
S0002,2026-09-14,CS103,PRESENT
S0002,2026-09-14,CS101,PRESENT
S0003,2026-09-14,IT103,PRESENT
S0003,2026-09-14,IT101,PRESENT
S0004,2026-09-14,BA103,PRESENT
S0004,2026-09-14,BA101,LATE
S0005,2026-09-14,DE103,PRESENT,extra
S0005,2026-09-14,DE101,PRESENT
S0006,2026-09-14,CS103,PRESENT
S0006,2026-09-14,CS101,PRESENT
S0007,2026-09-14,IT103,PRESENT
S0007,2026-09-14,IT101,PRESENT
S0008,2026-09-14,BA103,PRESENT
S0008,2026-09-14,BA101,PRESENT
S0009,2026-09-14,DE103,MC
S0009,2026-09-14,DE101,PRESENT
S0010,2026-09-14,CS103,PRESENT
S0010,2026-09-14,CS101,PRESENT
S0011,2026-09-14,IT103,PRESENT
S0011,2026-09-14,IT101,PRESENT
S0012,2026-09-14,BA103,PRESENT
S0012,2026-09-14,BA101,LATE
S0013,2026-09-14,DE103,PRESENT
S0013,2026-09-14,DE101,PRESENT
S0014,2026-09-14,CS103,LATE
S0014,2026-09-14,CS101,PRESENT,left early
S0015,2026-09-14,IT103,ABSENT
S0015,2026-09-14,IT101,PRESENT
S0016,2026-09-14,BA103,PRESENT
S0016,2026-09-14,BA101,LATE
S0017,2026-09-14,DE103,PRESENT
S0017,2026-09-14,DE101,PRESENT
S0018,2026-09-14,CS103,LATE
S0018,2026-09-14,CS101,MC
S0019,2026-09-14,IT103,PRESENT
S0019,2026-09-14,IT101,ABSENT
S0020,2026-09-14,BA103,PRESENT
S0020,2026-09-14,BA101,LATE
S0021,2026-09-14,DE103,LATE
S0021,2026-09-14,DE101,LATE
S0022,2026-09-14,CS103,MC
S0022,2026-09-14,CS101,PRESENT
S0023,2026-09-14,IT103
S0023,2026-09-14,IT101,PRESENT
S0024,2026-09-14,BA103,PRESENT
S0024,2026-09-14,BA101,PRESENT
S0025,2026-09-14,DE103,PRESENT
S0025,2026-09-14,DE101,PRESENT
S0026,2026-09-14,CS103,PRESENT
S0026,2026-09-14,CS101,PRESENT
S0027,2026-09-14,IT103,LATE
S0027,2026-09-14,IT101,PRESENT
S0028,2026-09-14,BA103,PRESENT
S0028,2026-09-14,BA101,PRESENT
S0029,2026-09-14,DE103,PRESENT
S0029,2026-09-14,DE101,PRESENT
S0030,2026-09-14,CS103,PRESENT
S0030,2026-09-14,CS101,PRESENT
S0031,2026-09-14,IT103,PRESENT
S0031,2026-09-31,IT101,PRESENT
S0032,2026-09-14,BA103,PRESENT
S0032,2026-09-14,BA101,PRESENT
S0033,2026-09-14,DE103,PRESENT
S0033,2026-09-14,DE101,PRESENT
S0034,2026-09-14,CS103,PRESENT
S0034,2026-09-14,CS101,PRESENT
S0035,2026-09-14,IT103,PRESENT
S0035,2026-09-14,IT101,PRESENT
S0036,2026-09-14,BA103,PRESENT
S0036,2026-09-14,BA101,PRESENT
S0037,2026-09-14,DE103,PRESENT
S0037,14/09/2026,DE101,PRESENT
S0038,2026-09-14,CS103,PRESENT
S0038,2026-09-14,CS101,PRESENT
S0039,2026-09-14,IT103,PRESENT
S0039,2026-09-14,IT101,PRESENT
S0040,2026-09-14,DE103,PRESENT
S0040,2026-09-14,DE101,PRESENT
